[{
    "CONFIG_ID": 75,
    "PROJECT_ID": null,
    "CONFIG_OPENCOLOR": "#FFFBD6",
    "CONFIG_BOOKEDCOLOR": "#C89400",
    "CONFIG_REGISTEREDCOLOR": "#C89400",
    "CONFIG_BACKGROUNDIMAGE": "http://localhost/layout1/json/123932AMplots.json",
    "CONFIG_STATUS": 1,
    "CONFIG_ROADJSON": "http://localhost/layout1/json/30200AMnelloroads.json",
    "CONFIG_CREATEDBY": 2,
    "CONFIG_CREATEDDATE": "2017-05-30T04:43:41.84",
    "CONFIG_UPDATEDDATE": "2017-05-30T04:43:41.84",
    "CONFIG_UPDATEDBY": 1,
    "CONFIG_GEOjSON": null,
    "config_longitude": 0.000000000,
    "config_latitude": 0.000000000,
    "CONFIG_ROTATION": "0.7",
    "CONFIG_PROJECT_COMPANYID": null,
    "config_zoom": 18.0,
    "config_minzoom": 17.0,
    "config_maxzoom": 24.0,
    "config_minlong": "79.973614376",
    "config_minlat": "14.599926533",
    "config_maxlong": "79.982039571",
    "config_maxlat": "14.608011897",
    "config_gardenjs": "http://localhost/layout1/json/10252AMnelloreparks.json",
    "config_colorstatus": "",
    "project_code": "209520",
    "PROJECT_LAYERJSON": "",
    "zoom_14to16": "",
    "zoom_16to18": "",
    "zoom_18to20": "",
    "zoom_20to22": "",
    "map_bgimage": "http://localhost/layout1/images/40700AMBG FOR WEB-1.jpg",
    "popup_click": "1",
    "configproject_status": 1,
    "config_textscale": ".8"
}]